<?xml version="1.0" encoding="UTF-8"?>
<html xmlns="http://www.w3.org/1999/xhtml" xml:lang="en" lang="en">
<head profile="http://selenium-ide.openqa.org/profiles/test-case">
<meta http-equiv="Content-Type" content="text/html; charset=UTF-8" />
<link rel="selenium.base" href="https://maps.google.com/" />
<title>mapsTC</title>
</head>
<body>
<table cellpadding="1" cellspacing="1" border="1">
<thead>
<tr><td rowspan="1" colspan="3">mapsTC</td></tr>
</thead><tbody>
<tr>
	<td>open</td>
	<td>/</td>
	<td></td>
</tr>
<tr>
	<td>type</td>
	<td>id=gbqfq</td>
	<td>Interware de mexico</td>
</tr>
<tr>
	<td>click</td>
	<td>id=gbqfb</td>
	<td></td>
</tr>
<tr>
	<td>click</td>
	<td>id=d_launch</td>
	<td></td>
</tr>
<tr>
	<td>type</td>
	<td>id=d_d</td>
	<td>interware de mexico</td>
</tr>
<tr>
	<td>type</td>
	<td>id=d_daddr</td>
	<td>providencia 508</td>
</tr>
<tr>
	<td>click</td>
	<td>id=d_sub</td>
	<td></td>
</tr>
<tr>
	<td>click</td>
	<td>css=img.dir-tm-w</td>
	<td></td>
</tr>
<tr>
	<td>click</td>
	<td>id=dir_altroutes</td>
	<td></td>
</tr>
</tbody></table>
</body>
</html>
